Name,Size
svprojects/0155_0001.zip,135046726
svprojects/0069_0001.zip,257344935
svprojects/0077_1001.zip,137137696
svprojects/0173_1001.zip,184977543
svprojects/0087_1001.zip,200476622
svprojects/0085_1001.zip,187628884
svprojects/0106_0001.zip,165101081
svprojects/0184_0001.zip,449972184
svprojects/0092_0001.zip,220062019
svprojects/0002_0001.zip,316325532
svprojects/0108_0001.zip,208103859
svprojects/0145_1001.zip,259102748
svprojects/0081_0001.zip,156387290
svprojects/0065_1001.zip,238865981
svprojects/0150_0001.zip,275649998
svprojects/0078_0001.zip,96118037
svprojects/0072_0001.zip,186315361
svprojects/0172_0001.zip,396319569
svprojects/0125_0001.zip,89571661
svprojects/0147_1001.zip,217172948
svprojects/0110_0001.zip,199553462
svprojects/0086_0001.zip,143172829
svprojects/0151_0001.zip,256859593
svprojects/0164_0001.zip,203613988
svprojects/0162_3001.zip,183118472
svprojects/SU0249.zip,338540605
svprojects/SU0247.zip,61053424
svprojects/0063_1001.zip,150270871
svprojects/0091_0001.zip,310919433
svprojects/0189_0001.zip,367483761
svprojects/0090_0001.zip,240213395
svprojects/0129_0000.zip,327395322
svprojects/0095_0001.zip,251229541
svprojects/0141_1001.zip,271331888
svprojects/0146_1001.zip,283153727
svprojects/0111_0001.zip,142851745
svprojects/0176_0000.zip,228642721
svprojects/0101_0001.zip,227465035
svprojects/0165_0001.zip,182083751
svprojects/0075_1001.zip,117513893
svprojects/0065_0001.zip,170340731
svprojects/0131_0000.zip,201990132
svprojects/SU0251.zip,314325860
svprojects/0174_0000.zip,274729556
svprojects/0082_0001.zip,155134045
svprojects/0005_1001.zip,143947662
svprojects/0139_1001.zip,256493588
svprojects/0075_0001.zip,110181844
svprojects/190529_P6.zip,426699098
svprojects/0144_1001.zip,267458179
svprojects/0076_0001.zip,113069547
svprojects/0071_0001.zip,224695481
svprojects/0097_0001.zip,181396014
svprojects/0167_0001.zip,103553988
svprojects/0099_0001.zip,159054480
svprojects/0149_1001.zip,306199240
svprojects/0063_0001.zip,89376758
svprojects/0084_0001.zip,144338588
svprojects/0186_0002.zip,359257784
svprojects/0064_1001.zip,143917312
svprojects/0183_1002.zip,371518612
svprojects/0188_0001.zip,351255659
svprojects/0148_1001.zip,238197552
svprojects/0066_0001.zip,98457390
svprojects/0093_0001.zip,216109196
svprojects/0080_0001.zip,149821909
svprojects/0089_1001.zip,251763684
svprojects/0079_0001.zip,149072283
svprojects/0142_1001.zip,247544063
svprojects/0156_0001.zip,304570033
svprojects/0077_0001.zip,81250027
svprojects/0094_0001.zip,223270582
svprojects/0083_2002.zip,173013702
svprojects/0098_0001_.zip,175488893
svprojects/0160_6001.zip,176616808
svprojects/0185_0001.zip,258370552
svprojects/0126_0001.zip,96250349
svprojects/SU0241.zip,152414924
svprojects/0064_0001.zip,76645440
svprojects/0076_1001.zip,118895472
svprojects/0161_0001.zip,264559125
svprojects/0073_0001.zip,253578494
svprojects/0107_0001.zip,129194027
svprojects/0154_0001.zip,119995011
svprojects/0157_0000.zip,229750374
svprojects/0134_0002.zip,108359973
svprojects/0105_0001.zip,236084738
svprojects/0140_2001.zip,341324478
svprojects/0001_0001.zip,261064446
svprojects/0130_0000.zip,180180479
svprojects/0163_0001.zip,175797699
svprojects/190215_P60.zip,276726793
svprojects/0098_0001.zip,175732335
svprojects/0103_0001.zip,238729812
svprojects/0138_1001.zip,274203451
svprojects/0102_0001.zip,207287855
svprojects/0006_0001.zip,310679914
svprojects/0070_0001.zip,185732771
svprojects/0003_0001.zip,309773729
svprojects/0158_0001.zip,172647567
svprojects/0187_0002.zip,245304476
svprojects/0175_0000.zip,284636081
svprojects/0118_1000.zip,162470895
svprojects/0096_0001.zip,152942049
svprojects/SU0248.zip,22298872
svprojects/0068_0001.zip,164121195
svprojects/0166_0001.zip,101330673
svprojects/0112_1001.zip,170593958
svprojects/0088_1001.zip,181902253
svprojects/0104_0001.zip,230110732
svprojects/0119_0001.zip,212495196
svprojects/0067_0001.zip,205137168
svprojects/0074_0001.zip,260624010
svresults/0086_0001/.zip,14789766136
svresults/0086_0001/0086_0001_vtp.zip,1290080293
svresults/0086_0001/0086_0001_vtu.zip,13499685865
svresults/0072_0001/.zip,3070352956
svresults/0072_0001/0072_0001_vtu.zip,2949249833
svresults/0072_0001/0072_0001_vtp.zip,121103145
svresults/0098_0001/.zip,5092219401
svresults/0098_0001/0098_0001_vtu.zip,4806814839
svresults/0098_0001/0098_0001_vtp.zip,285404584
svresults/0099_0001/.zip,4644192055
svresults/0099_0001/0099_0001_vtu.zip,4389317272
svresults/0099_0001/0099_0001_vtp.zip,254874805
svresults/0092_0001/.zip,5910202582
svresults/0092_0001/0092_0001_vtp.zip,196805670
svresults/0092_0001/0092_0001_vtu.zip,5713396934
svresults/0063_0001/.zip,14074089602
svresults/0063_0001/0063_0001_vtu.zip,12970216837
svresults/0063_0001/0063_0001_vtp.zip,1103872787
svresults/0129_0000/.zip,19061893732
svresults/0129_0000/0129_0000_vtp.zip,858596946
svresults/0129_0000/0129_0000_vtu.zip,18203296808
svresults/0069_0001/.zip,8116040044
svresults/0069_0001/0069_0001_vtp.zip,227729073
svresults/0069_0001/0069_0001_vtu.zip,7888310993
svresults/0126_0001/.zip,5131594623
svresults/0126_0001/0126_0001_vtp.zip,329990037
svresults/0126_0001/0126_0001_vtu.zip,4801604608
svresults/0107_0001/.zip,3733174643
svresults/0107_0001/0107_0001_vtu.zip,3581849569
svresults/0107_0001/0107_0001_vtp.zip,151325096
svresults/0134_0002/.zip,6172894531
svresults/0134_0002/0134_0002_vtp.zip,510836241
svresults/0134_0002/0134_0002_vtu.zip,5662058312
svresults/0087_1001/.zip,10941405791
svresults/0087_1001/0087_1001_vtu.zip,10414383153
svresults/0087_1001/0087_1001_vtp.zip,527022660
svresults/0105_0001/.zip,7105654586
svresults/0105_0001/0105_0001_vtu.zip,6857965398
svresults/0105_0001/0105_0001_vtp.zip,247689210
svresults/0154_0001/.zip,10034721921
svresults/0154_0001/0154_0001_vtp.zip,323475875
svresults/0154_0001/0154_0001_vtu.zip,9711246068
svresults/0067_0001/.zip,3263960562
svresults/0067_0001/0067_0001_vtu.zip,3143259449
svresults/0067_0001/0067_0001_vtp.zip,120701135
svresults/0083_2002/.zip,9840345952
svresults/0083_2002/0083_2002_vtp.zip,586775103
svresults/0083_2002/0083_2002_vtu.zip,9253570871
svresults/0076_1001/.zip,7138838120
svresults/0076_1001/0076_1001_vtp.zip,180071560
svresults/0076_1001/0076_1001_vtu.zip,6958766582
svresults/0073_0001/.zip,4120732651
svresults/0073_0001/0073_0001_vtp.zip,148044932
svresults/0073_0001/0073_0001_vtu.zip,3972687741
svresults/0075_1001/.zip,7144578304
svresults/0075_1001/0075_1001_vtp.zip,126958499
svresults/0075_1001/0075_1001_vtu.zip,7017619827
svresults/0081_0001/.zip,15809185792
svresults/0081_0001/0081_0001_vtp.zip,1446548074
svresults/0081_0001/0081_0001_vtu.zip,14362637740
svresults/0082_0001/.zip,15628482985
svresults/0082_0001/0082_0001_vtp.zip,1475659044
svresults/0082_0001/0082_0001_vtu.zip,14152823963
svresults/0077_1001/.zip,7531817436
svresults/0077_1001/0077_1001_vtp.zip,96747660
svresults/0077_1001/0077_1001_vtu.zip,7435069798
svresults/0094_0001/.zip,6360512791
svresults/0094_0001/0094_0001_vtu.zip,6143567288
svresults/0094_0001/0094_0001_vtp.zip,216945525
svresults/0096_0001/.zip,4685581199
svresults/0096_0001/0096_0001_vtp.zip,263950538
svresults/0096_0001/0096_0001_vtu.zip,4421630683
svresults/0106_0001/.zip,30862374215
svresults/0106_0001/0106_0001_vtp.zip,1732690674
svresults/0106_0001/0106_0001_vtu.zip,29129683563
svresults/0071_0001/.zip,6874977532
svresults/0071_0001/0071_0001_vtu.zip,6698711882
svresults/0071_0001/0071_0001_vtp.zip,176265672
svresults/0064_0001/.zip,15075673448
svresults/0064_0001/0064_0001_vtu.zip,13927225076
svresults/0064_0001/0064_0001_vtp.zip,1148448394
svresults/0102_0001/.zip,3724158997
svresults/0102_0001/0102_0001_vtp.zip,156127771
svresults/0102_0001/0102_0001_vtu.zip,3568031248
svresults/0077_0001/.zip,15615323702
svresults/0077_0001/0077_0001_vtp.zip,1088550109
svresults/0077_0001/0077_0001_vtu.zip,14526773615
svresults/0080_0001/.zip,14852110519
svresults/0080_0001/0080_0001_vtp.zip,1254565119
svresults/0080_0001/0080_0001_vtu.zip,13597545422
svresults/0002_0001/.zip,8909204653
svresults/0002_0001/0002_0001_vtu.zip,8534716747
svresults/0002_0001/0002_0001_vtp.zip,374487928
svresults/0066_0001/.zip,1978931108
svresults/0066_0001/0066_0001_vtp.zip,78971983
svresults/0066_0001/0066_0001_vtu.zip,1899959147
svresults/0005_1001/.zip,4137206658
svresults/0005_1001/0005_1001_vtu.zip,3699084630
svresults/0005_1001/0005_1001_vtp.zip,438122050
svresults/0065_1001/.zip,7711257734
svresults/0065_1001/0065_1001_vtp.zip,100755729
svresults/0065_1001/0065_1001_vtu.zip,7610502027
svresults/0118_1000/.zip,5742762350
svresults/0118_1000/0118_1000_vtp.zip,347393941
svresults/0118_1000/0118_1000_vtu.zip,5395368431
svresults/0097_0001/.zip,5141364095
svresults/0097_0001/0097_0001_vtp.zip,261521790
svresults/0097_0001/0097_0001_vtu.zip,4879842327
svresults/0001_0001/.zip,5407250579
svresults/0001_0001/0001_0001_vtp.zip,308151833
svresults/0001_0001/0001_0001_vtu.zip,5099098768
svresults/0130_0000/.zip,14645784758
svresults/0130_0000/0130_0000_vtp.zip,523057159
svresults/0130_0000/0130_0000_vtu.zip,14122727621
svresults/0174_0000/.zip,15004590911
svresults/0174_0000/0174_0000_vtu.zip,14394662545
svresults/0174_0000/0174_0000_vtp.zip,609928388
svresults/0064_1001/.zip,7489703575
svresults/0064_1001/0064_1001_vtu.zip,7374944257
svresults/0064_1001/0064_1001_vtp.zip,114759340
svresults/0063_1001/.zip,7451986577
svresults/0063_1001/0063_1001_vtp.zip,166056558
svresults/0063_1001/0063_1001_vtu.zip,7285930041
svresults/0091_0001/.zip,5253140975
svresults/0091_0001/0091_0001_vtp.zip,211325338
svresults/0091_0001/0091_0001_vtu.zip,5041815659
svresults/0101_0001/.zip,8277053141
svresults/0101_0001/0101_0001_vtu.zip,7978172167
svresults/0101_0001/0101_0001_vtp.zip,298880996
svresults/0104_0001/.zip,6945438153
svresults/0104_0001/0104_0001_vtu.zip,6679618908
svresults/0104_0001/0104_0001_vtp.zip,265819267
svresults/0003_0001/.zip,3815730723
svresults/0003_0001/0003_0001_vtu.zip,3630442330
svresults/0003_0001/0003_0001_vtp.zip,185288415
svresults/0084_0001/.zip,16332829012
svresults/0084_0001/0084_0001_vtu.zip,14878024019
svresults/0084_0001/0084_0001_vtp.zip,1454805015
svresults/0078_0001/.zip,1733118195
svresults/0078_0001/0078_0001_vtu.zip,1582928161
svresults/0078_0001/0078_0001_vtp.zip,150190056
svresults/0079_0001/.zip,3631327357
svresults/0079_0001/0079_0001_vtp.zip,230278444
svresults/0079_0001/0079_0001_vtu.zip,3401048935
svresults/0089_1001/0089_1001_vtu.zip,14203632679
svresults/0089_1001/.zip,14762613045
svresults/0089_1001/0089_1001_vtp.zip,558980388
svresults/0103_0001/.zip,8614680533
svresults/0103_0001/0103_0001_vtp.zip,326110661
svresults/0103_0001/0103_0001_vtu.zip,8288569894
svresults/0090_0001/.zip,8546187600
svresults/0090_0001/0090_0001_vtp.zip,309415998
svresults/0090_0001/0090_0001_vtu.zip,8236771624
svresults/0131_0000/.zip,15439785284
svresults/0131_0000/0131_0000_vtu.zip,14877507836
svresults/0131_0000/0131_0000_vtp.zip,562277470
svresults/0070_0001/.zip,6058872613
svresults/0070_0001/0070_0001_vtu.zip,5851473529
svresults/0070_0001/0070_0001_vtp.zip,207399106
svresults/0074_0001/.zip,4237178309
svresults/0074_0001/0074_0001_vtu.zip,4068838388
svresults/0074_0001/0074_0001_vtp.zip,168339943
svresults/0175_0000/.zip,15402582370
svresults/0175_0000/0175_0000_vtu.zip,14753774611
svresults/0175_0000/0175_0000_vtp.zip,648807781
svresults/0088_1001/0088_1001_vtp.zip,544963202
svresults/0088_1001/.zip,10145016161
svresults/0088_1001/0088_1001_vtu.zip,9600052981
svresults/0093_0001/.zip,5224976149
svresults/0093_0001/0093_0001_vtp.zip,186607235
svresults/0093_0001/0093_0001_vtu.zip,5038368936
svresults/0111_0001/0111_0001_vtu.zip,26520361490
svresults/0111_0001/.zip,27888444413
svresults/0111_0001/0111_0001_vtp.zip,1368082945
svresults/0125_0001/.zip,5092089163
svresults/0125_0001/0125_0001_vtu.zip,4795810718
svresults/0125_0001/0125_0001_vtp.zip,296278467
svresults/0095_0001/.zip,7754183752
svresults/0095_0001/0095_0001_vtu.zip,7489996319
svresults/0095_0001/0095_0001_vtp.zip,264187455
svresults/0085_1001/.zip,10790934508
svresults/0085_1001/0085_1001_vtp.zip,545363068
svresults/0085_1001/0085_1001_vtu.zip,10245571462