Name,Size
svprojects/0001_H_AO_SVD.zip,150358710
svprojects/0002_H_AO_SVD.zip,143997393
svprojects/0003_H_AO_SVD.zip,238956164
svprojects/0004_H_AO_SVD.zip,117596559
svprojects/0005_H_AO_SVD.zip,118998136
svprojects/0006_H_AO_SVD.zip,137212161
svprojects/0007_H_AO_H.zip,240268951
svprojects/0008_H_AO_H.zip,310975176
svprojects/0009_H_AO_H.zip,220128385
svprojects/0010_H_AO_H.zip,216173422
svprojects/0011_H_AO_H.zip,223633024
svprojects/0012_H_AO_H.zip,251303766
svprojects/0013_H_AO_COA.zip,227529702
svprojects/0014_H_AO_COA.zip,207343164
svprojects/0015_H_AO_COA.zip,238783007
svprojects/0016_H_AO_COA.zip,230171474
svprojects/0017_H_AO_COA.zip,236138817
svprojects/0018_H_AO_COA.zip,165192372
svprojects/0019_H_AO_COA.zip,129280184
svprojects/0020_H_AO_COA.zip,142915653
svprojects/0021_H_AO_MFS.zip,327456876
svprojects/0022_H_AO_MFS.zip,180265608
svprojects/0023_H_AO_MFS.zip,202065324
svprojects/0024_H_AO_H.zip,120127955
svprojects/0025_H_AO_MFS.zip,273241252
svprojects/0026_H_AO_MFS.zip,284728475
svprojects/0027_H_AO_MFS.zip,227118205
svprojects/0028_H_ABAO_H.zip,309835336
svprojects/0029_H_ABAO_H.zip,310714444
svprojects/0030_H_ABAO_H.zip,199662152
svprojects/0031_H_ABAO_AAA.zip,274268936
svprojects/0032_H_ABAO_AAA.zip,256556032
svprojects/0033_H_ABAO_AAA.zip,341382676
svprojects/0034_H_ABAO_AAA.zip,271400112
svprojects/0035_H_ABAO_AAA.zip,247621228
svprojects/0036_H_ABAO_AAA.zip,267522480
svprojects/0037_H_ABAO_AAA.zip,259176526
svprojects/0038_H_ABAO_AAA.zip,283220542
svprojects/0039_H_ABAO_AAA.zip,217262376
svprojects/0040_H_ABAO_AAA.zip,238266190
svprojects/0041_H_ABAO_AAA.zip,306255749
svprojects/0042_H_ABAO_AAA.zip,275740145
svprojects/0043_H_ABAO_AAA.zip,256936761
svprojects/0044_H_ABAO_AAA.zip,304638511
svprojects/0045_H_ABAO_AAA.zip,229837747
svprojects/0046_H_ABAO_AIOD.zip,176662806
svprojects/0047_H_ABAO_AIOD.zip,264608386
svprojects/0048_H_ABAO_AIOD.zip,183155092
svprojects/0049_H_ABAO_AIOD.zip,175882143
svprojects/0050_H_CERE_H.zip,96214877
svprojects/0051_H_CERE_H.zip,149146329
svprojects/0052_H_CERE_H.zip,101422219
svprojects/0053_H_CERE_H.zip,103641588
svprojects/0054_H_PULMFON_TAT.zip,89555430
svprojects/0055_H_PULMFON_HLHS.zip,76806380
svprojects/0056_H_PULMFON_TAT.zip,170512626
svprojects/0057_H_PULMFON_TAT.zip,110337511
svprojects/0058_H_PULMFON_PAT.zip,113170381
svprojects/0059_H_PULMFON_TAT.zip,81459446
svprojects/0060_H_PULMGLN_SVD.zip,153097548
svprojects/0061_H_PULMGLN_SVD.zip,181543508
svprojects/0062_H_PULMGLN_SVD.zip,175617488
svprojects/0063_H_PULMGLN_SVD.zip,159201570
svprojects/0064_H_PULMFON_SVD.zip,89738485
svprojects/0065_H_PULMFON_SVD.zip,96405488
svprojects/0066_H_CORO_H.zip,316457300
svprojects/0067_H_AO_H.zip,75482730
svprojects/0067_H_CORO_KD.zip,208204845
svprojects/0068_H_CORO_KD.zip,396419906
svprojects/0069_H_CORO_KD.zip,185086286
svprojects/0070_H_AO_H.zip,99987450
svprojects/0070_H_CORO_KD.zip,371627481
svprojects/0071_H_AO_H.zip,104581957
svprojects/0071_H_CORO_KD.zip,450064781
svprojects/0072_H_CORO_KD.zip,258474121
svprojects/0073_H_CORO_H.zip,359326301
svprojects/0074_H_AO_H.zip,70536041
svprojects/0074_H_CORO_KD.zip,245437382
svprojects/0075_H_AO_H.zip,118062865
svprojects/0075_H_CORO_CAD.zip,351378982
svprojects/0076_H_AO_H.zip,104816608
svprojects/0076_H_CORO_CAD.zip,367639580
svprojects/0077_H_PULM_H.zip,144159894
svprojects/0078_H_PULM_H.zip,150042362
svprojects/0079_H_PULM_H.zip,156597531
svprojects/0080_H_PULM_H.zip,155370934
svprojects/0081_H_PULM_PAH.zip,173233874
svprojects/0082_H_PULM_H.zip,144548223
svprojects/0083_H_PULM_PAH.zip,187847146
svprojects/0084_H_PULM_H.zip,143419662
svprojects/0085_H_PULM_PAH.zip,200637729
svprojects/0086_H_PULM_PAH.zip,182070674
svprojects/0087_H_PULM_PAH.zip,251949689
svprojects/0088_H_PULM_PAH.zip,170780509
svprojects/0089_H_PULM_ALGS.zip,162654441
svprojects/0090_H_PULM_ALGS.zip,212752309
svprojects/0091_H_PULM_TOF.zip,108537673
svprojects/0092_H_PULM_H.zip,135295445
svprojects/0093_A_AO_H.zip,98533976
svprojects/0094_A_AO_H.zip,205184802
svprojects/0095_A_AO_H.zip,164186463
svprojects/0096_A_AO_COA.zip,257453165
svprojects/0097_A_AO_COA.zip,185814173
svprojects/0098_A_AO_COA.zip,224790578
svprojects/0099_A_AO_COA.zip,186378924
svprojects/0100_A_AO_COA.zip,253633795
svprojects/0101_A_AO_COA.zip,260677648
svprojects/0102_H_PULM_H.zip,152673620
svprojects/0103_H_PULM_H.zip,61240708
svprojects/0104_H_PULM_H.zip,22484982
svprojects/0105_H_PULM_H.zip,338802310
svprojects/0106_A_CORO_H.zip,426954239
svprojects/0107_A_CORO_H.zip,276956377
svprojects/0108_H_PULM_H.zip,314505885
svprojects/0109_H_PULM_H.zip,425976710
svprojects/0110_H_PULM_H.zip,1330191400
svprojects/0111_H_PULM_H.zip,341041336
svprojects/0112_H_PULM_H.zip,310183869
svprojects/0113_H_PULM_H.zip,293248236
svprojects/0114_H_PULM_ALGS.zip,149343895
svprojects/0115_H_PULM_ALGS.zip,122694483
svprojects/0116_H_PULM_ALGS.zip,178202126
svprojects/0117_H_PULM_ALGS.zip,161851517
svprojects/0118_H_PULM_WS.zip,171084992
svprojects/0119_H_PULM_WS.zip,279132762
svprojects/0120_H_PULM_ALGS.zip,222123666
svprojects/0121_H_PULM_ALGS.zip,216254530
svprojects/0122_H_PULM_ALGS.zip,263129730
svprojects/0123_H_PULM_ALGS.zip,341503866
svprojects/0124_H_PULM_WS.zip,188076578
svprojects/0125_H_PULM_WS.zip,216754144
svprojects/0126_H_PULM_PAH.zip,72419300
svprojects/0127_H_PULM_PAH.zip,79936257
svprojects/0128_H_PULM_PAH.zip,133406082
svprojects/0129_H_PULM_PAH.zip,66577419
svprojects/0130_H_PULM_PAH.zip,108641758
svprojects/0131_H_PULM_PAH.zip,227798102
svprojects/0132_H_PULM_PAH.zip,147453681
svprojects/0133_H_PULM_PAH.zip,86467823
svprojects/0134_H_PULM_PAH.zip,77546676
svprojects/0135_H_PULM_PAH.zip,343185669
svprojects/0136_H_CORO_KD.zip,287793107
svprojects/0137_H_AO_H.zip,172402809
svprojects/0137_H_CORO_KD.zip,662990674
svprojects/0138_H_AO_H.zip,171397139
svprojects/0138_H_CORO_KD.zip,253083923
svprojects/0139_H_AO_H.zip,168741891
svprojects/0139_H_CORO_KD.zip,443662966
svprojects/0140_H_AO_H.zip,172791556
svprojects/0140_H_CORO_KD.zip,216767354
svprojects/0141_H_AO_H.zip,179105864
svprojects/0141_H_CORO_KD.zip,273852505
svprojects/0142_H_AO_H.zip,157052747
svprojects/0142_H_CORO_KD.zip,2534180044
svprojects/0143_H_AO_H.zip,169774061
svprojects/0143_H_CORO_KD.zip,267219546
svprojects/0144_H_AO_H.zip,167455881
svprojects/0144_H_CORO_KD.zip,340116900
svprojects/0145_H_AO_H.zip,156492105
svprojects/0145_H_CORO_KD.zip,257394578
svprojects/0146_H_AO_H.zip,113269666
svprojects/0146_H_CORO_SVGD.zip,784080916
svprojects/0147_H_AO_H.zip,131932056
svprojects/0147_H_CORO_SVGD.zip,911359823
svprojects/0148_H_AO_H.zip,56431556
svprojects/0148_H_CORO_SVGD.zip,500763430
svprojects/0149_H_AO_H.zip,75052192
svprojects/0149_H_CORO_SVGD.zip,756977484
svprojects/0150_H_AO_H.zip,99516068
svprojects/0150_H_CORO_SVGD.zip,642721060
svprojects/0151_H_AO_H.zip,282634925
svprojects/0151_H_CORO_SVGD.zip,306140377
svprojects/0152_H_AO_H.zip,120576446
svprojects/0152_H_CORO_SVGD.zip,968500239
svprojects/0153_H_AO_H.zip,133747156
svprojects/0153_H_CORO_SVGD.zip,1057375485
svprojects/0154_H_AO_H.zip,133719824
svprojects/0154_H_CORO_SVGD.zip,520014106
svprojects/0155_H_AO_H.zip,140829009
svprojects/0155_H_CORO_SVGD.zip,392430722
svprojects/0156_H_CORO_SVGD.zip,912590881
svprojects/0157_H_AO_H.zip,63434054
svprojects/0157_H_CORO_SVGD.zip,858006341
svprojects/0158_H_AO_H.zip,52687340
svprojects/0158_H_CORO_SVGD.zip,471979173
svprojects/0159_H_AO_H.zip,2215151
svprojects/0159_H_CORO_SVGD.zip,652089562
svprojects/0160_H_AO_AOD.zip,523618653
svprojects/0161_H_PULMFON_SVD.zip,950973829
svprojects/0162_H_PULMFON_SVD.zip,421572134
svprojects/0163_H_PULMFON_SVD.zip,410429118
svprojects/0164_H_PULMFON_SVD.zip,650229919
svprojects/0165_H_PULMFON_SVD.zip,441735910
svprojects/0166_H_PULMFON_SVD.zip,607085908
svprojects/0167_H_PULMFON_SVD.zip,796084977
svprojects/0168_H_PULMFON_SVD.zip,584532953
svprojects/0169_H_CORO_KD.zip,74794351
svprojects/0170_H_CORO_KD.zip,164480506
svprojects/0171_H_CORO_KD.zip,132441
svprojects/0172_H_CORO_KD.zip,35648476
svprojects/0173_H_CORO_KD.zip,139212641
svprojects/0174_H_CORO_KD.zip,202835995
svprojects/0175_H_CORO_KD.zip,216824918
svprojects/0176_H_CORO_KD.zip,230943487
svprojects/0177_H_CORO_KD.zip,91461937
svprojects/0178_H_CORO_KD.zip,192125203
svprojects/0179_H_ABAO_AAA.zip,51008416
svprojects/0180_H_ABAO_AAA.zip,71394897
svprojects/0181_H_ABAO_AAA.zip,236764345
svprojects/0182_H_ABAO_AAA.zip,145169572
svprojects/0183_H_ABAO_AAA.zip,155518890
svprojects/0184_H_ABAO_AAA.zip,54362077
svprojects/0185_H_ABAO_AAA.zip,158233705
svprojects/0186_H_ABAO_AAA.zip,64046349
svprojects/0187_H_ABAO_AAA.zip,1570904
svprojects/0188_H_ABAO_AAA.zip,140377772
svprojects/0189_H_ABAO_H.zip,192429989
svprojects/0190_H_ABAO_H.zip,192358637
svprojects/0191_H_ABAO_AAA.zip,273568396
svprojects/0192_H_ABAO_AAA.zip,127793473
svprojects/0193_H_ABAO_AAA.zip,149918587
svprojects/0194_H_ABAO_AAA.zip,417326318
svprojects/0195_H_ABAO_AAA.zip,277511022
svprojects/0196_H_ABAO_AAA.zip,110420623
svprojects/0197_H_ABAO_H.zip,376142663
svprojects/0198_H_ABAO_AAA.zip,128360267
svprojects/0199_H_CERE_CA.zip,120382226
svprojects/0200_H_CERE_CA.zip,149097298
svprojects/0201_H_CERE_CA.zip,104772984
svprojects/0202_H_CERE_CA.zip,33197146
svprojects/0203_H_CERE_CA.zip,163362554
svprojects/0204_H_CERE_CA.zip,30911739
svprojects/0205_H_CERE_CA.zip,199539507
svprojects/0206_H_CERE_CA.zip,36411185
svprojects/0207_H_CERE_CA.zip,189792684
svprojects/0208_H_CERE_CA.zip,88637328
svprojects/0209_H_CERE_CA.zip,228762
svprojects/0227_H_AO_COA.zip,351312444
svprojects/0210_H_CERE_CA.zip,35929117
svprojects/0211_H_CERE_CA.zip,39597530
svprojects/0212_H_CERE_CA.zip,41698757
svprojects/0213_H_CERE_CA.zip,36789144
svprojects/0214_H_CERE_CA.zip,78237811
svprojects/0215_H_CERE_CA.zip,146411733
svprojects/0216_H_CERE_CA.zip,55942098
svprojects/0217_H_CERE_CA.zip,1240156
svprojects/0218_H_CERE_CA.zip,90392627
svprojects/0219_H_CERE_CA.zip,81377085
svprojects/0220_H_CERE_CA.zip,41458816
svprojects/0221_H_AO_AOD.zip,83651895
svprojects/0222_H_AO_AOD.zip,27638694
svprojects/0223_H_AO_AOD.zip,27651398
svprojects/0224_H_AO_AOD.zip,26171063
svprojects/0226_H_AO_COA.zip,694009158
svprojects/0228_H_AO_COA.zip,212606188
svprojects/0229_H_AO_COA.zip,245491684
svprojects/0230_H_AO_COA.zip,360713603
svprojects/0231_H_AO_COA.zip,221424760
svprojects/0233_H_AO_COA.zip,202038124
svprojects/0234_H_AO_COA.zip,454357496
svprojects/0235_H_AO_COA.zip,130626336
svprojects/0236_H_AO_COA.zip,390324621
svprojects/0237_H_AO_COA.zip,221557436
svprojects/0238_H_AO_COA.zip,358358580
svprojects/0239_H_AO_COA.zip,160518453
svprojects/0240_H_AO_COA.zip,373639713
svprojects/0241_H_AO_COA.zip,453018940
svprojects/Pa4DMRIData.zip,19320
svprojects/SVCardiacDemoModel.zip,83105
svprojects/convert-mesh.py.zip,1141
svprojects/cp_vtps.sh.zip,273
svprojects/create_all_zips.sh.zip,333
svprojects/modify-all-meshes.sh.zip,371
svprojects/remove_pdf_csv.sh.zip,419
svprojects/vtps.zip,413060521
svprojects/zip_projects.py.zip,387
svprojects/0246_H_AO_AOD.zip,1135710337
svprojects/0242_A_AO_AOD.zip,200046057
svprojects/0243_A_AO_AOD.zip,178440975
svprojects/0244_A_AO_AOD.zip,223281343
svprojects/0245_A_AO_AOD.zip,209934291
svprojects/0247_H_ABAO_SR.zip,199960761
svprojects/0225_H_AO_COA.zip,695282340
svprojects/0248_H_AOCERE_CAS.zip,716998427
svprojects/0249_H_CORO_CAD.zip,511543
svprojects/0250_H_CORO_CAD.zip,452081
svprojects/0251_H_CORO_CAD.zip,702462
svprojects/0252_H_CORO_CAD.zip,589731
svprojects/0253_H_CORO_CAD.zip,795421
svprojects/0254_H_CORO_CAD.zip,689400
svprojects/0255_H_CORO_CAD.zip,717274
svprojects/0256_H_CORO_CAD.zip,733125
svprojects/0257_H_CORO_CAD.zip,672576
svprojects/0258_H_CORO_CAD.zip,547608
svprojects/0259_H_CORO_CAD.zip,608255
svprojects/0260_H_CORO_CAD.zip,738052
svprojects/0261_H_CORO_CAD.zip,740519
svprojects/0262_H_CORO_CAD.zip,802022
svprojects/0263_H_CORO_CAD.zip,599994
svprojects/0264_H_CORO_CAD.zip,717680
svprojects/0265_H_CORO_CAD.zip,870710
svprojects/0266_H_CORO_CAD.zip,833036
svprojects/0267_H_CORO_CAD.zip,693306
svprojects/0268_H_CORO_CAD.zip,779993
svprojects/0269_H_CORO_H.zip,824808
svprojects/0270_H_CORO_H.zip,584124
svprojects/0271_H_CORO_H.zip,873600
svprojects/0272_H_CORO_H.zip,669252
svprojects/0273_H_CORO_H.zip,765501
svprojects/0274_H_CORO_H.zip,685388
svprojects/0275_H_CORO_H.zip,778291
svprojects/0276_H_CORO_H.zip,856734
svprojects/0277_H_CORO_H.zip,697669
svprojects/0278_H_CORO_H.zip,845211
svprojects/0279_H_CORO_H.zip,1188131
svprojects/0280_H_CORO_H.zip,605735
svprojects/0281_H_CORO_H.zip,1114743
svprojects/0282_H_CORO_H.zip,1076287
svprojects/0283_H_CORO_H.zip,619667
svprojects/0284_H_CORO_H.zip,794271
svprojects/0285_H_CORO_H.zip,658517
svprojects/0286_H_CORO_H.zip,990421
svprojects/0287_H_CORO_H.zip,634360
svprojects/0288_H_CORO_H.zip,615083
svprojects/0232_H_AO_COA.zip,934041140
svprojects/0229_H_AO_COA/Simulations/P009.zip,59792539
svprojects/0248_H_AOCERE_CAS/0248_H_AOCERE_CAS_all.zip,17263201305
svprojects/0248_H_AOCERE_CAS/0248_H_AOCERE_CAS_reference.zip,716998427
svresults/fixed.zip,5937999715
svresults/4DFlowP.zip,40188777931
svresults/0001_H_AO_SVD/0001_H_AO_SVD_3D_RIGID_VTP.zip,235649178
svresults/0001_H_AO_SVD/0001_H_AO_SVD_3D_RIGID_VTU.zip,4012006732
svresults/0002_H_AO_SVD/0002_H_AO_SVD_3D_RIGID_VTP.zip,167330976
svresults/0002_H_AO_SVD/0002_H_AO_SVD_3D_RIGID_VTU.zip,4028211627
svresults/0003_H_AO_SVD/0003_H_AO_SVD_3D_RIGID_VTP.zip,139926000
svresults/0003_H_AO_SVD/0003_H_AO_SVD_3D_RIGID_VTU.zip,4150544410
svresults/0004_H_AO_SVD/0004_H_AO_SVD_3D_RIGID_VTP.zip,190284792
svresults/0004_H_AO_SVD/0004_H_AO_SVD_3D_RIGID_VTU.zip,3834260761
svresults/0005_H_AO_SVD/0005_H_AO_SVD_3D_RIGID_VTP.zip,290637685
svresults/0005_H_AO_SVD/0005_H_AO_SVD_3D_RIGID_VTU.zip,3802974171
svresults/0006_H_AO_SVD/0006_H_AO_SVD_3D_RIGID_VTP.zip,146854447
svresults/0006_H_AO_SVD/0006_H_AO_SVD_3D_RIGID_VTU.zip,4078806739
svresults/0007_H_AO_H/0007_H_AO_H_3D_RIGID_VTP.zip,481092237
svresults/0007_H_AO_H/0007_H_AO_H_3D_RIGID_VTU.zip,4616961073
svresults/0008_H_AO_H/0008_H_AO_H_3D_RIGID_VTP.zip,322655863
svresults/0008_H_AO_H/0008_H_AO_H_3D_RIGID_VTU.zip,2844738010
svresults/0009_H_AO_H/0009_H_AO_H_3D_RIGID_VTP.zip,307063335
svresults/0009_H_AO_H/0009_H_AO_H_3D_RIGID_VTU.zip,3190060922
svresults/0010_H_AO_H/0010_H_AO_H_3D_RIGID_VTP.zip,288799628
svresults/0010_H_AO_H/0010_H_AO_H_3D_RIGID_VTU.zip,2832941907
svresults/0011_H_AO_H/0011_H_AO_H_3D_RIGID_VTP.zip,342367761
svresults/0011_H_AO_H/0011_H_AO_H_3D_RIGID_VTU.zip,3432267465
svresults/0012_H_AO_H/0012_H_AO_H_3D_RIGID_VTP.zip,413832983
svresults/0012_H_AO_H/0012_H_AO_H_3D_RIGID_VTU.zip,4187728393
svresults/0013_H_AO_COA/0013_H_AO_COA_3D_RIGID_VTP.zip,463060295
svresults/0013_H_AO_COA/0013_H_AO_COA_3D_RIGID_VTU.zip,4480120517
svresults/0014_H_AO_COA/0014_H_AO_COA_3D_RIGID_VTP.zip,239869651
svresults/0014_H_AO_COA/0014_H_AO_COA_3D_RIGID_VTU.zip,2020756319
svresults/0015_H_AO_COA/0015_H_AO_COA_3D_RIGID_VTP.zip,511474596
svresults/0015_H_AO_COA/0015_H_AO_COA_3D_RIGID_VTU.zip,4663316043
svresults/0016_H_AO_COA/0016_H_AO_COA_3D_RIGID_VTP.zip,415667037
svresults/0016_H_AO_COA/0016_H_AO_COA_3D_RIGID_VTU.zip,3762285872
svresults/0017_H_AO_COA/0017_H_AO_COA_3D_RIGID_VTP.zip,387399898
svresults/0017_H_AO_COA/0017_H_AO_COA_3D_RIGID_VTU.zip,3841457735
svresults/0018_H_AO_COA/0018_H_AO_COA_3D_RIGID_VTP.zip,3404242500
svresults/0018_H_AO_COA/0018_H_AO_COA_3D_RIGID_VTU.zip,12970488903
svresults/0019_H_AO_COA/0019_H_AO_COA_3D_RIGID_VTP.zip,229381163
svresults/0019_H_AO_COA/0019_H_AO_COA_3D_RIGID_VTU.zip,2018290527
svresults/0020_H_AO_COA/0020_H_AO_COA_3D_RIGID_VTP.zip,2663623493
svresults/0020_H_AO_COA/0020_H_AO_COA_3D_RIGID_VTU.zip,11780168570
svresults/0021_H_AO_MFS/0021_H_AO_MFS_3D_RIGID_VTP.zip,73610008
svresults/0021_H_AO_MFS/0021_H_AO_MFS_3D_RIGID_VTU.zip,10237525223
svresults/0022_H_AO_MFS/0022_H_AO_MFS_3D_RIGID_VTP.zip,840177231
svresults/0022_H_AO_MFS/0022_H_AO_MFS_3D_RIGID_VTU.zip,7869207824
svresults/0023_H_AO_MFS/0023_H_AO_MFS_3D_RIGID_VTP.zip,852617945
svresults/0023_H_AO_MFS/0023_H_AO_MFS_3D_RIGID_VTU.zip,8263166678
svresults/0024_H_AO_H/0024_H_AO_H_3D_RIGID_VTP.zip,518109952
svresults/0024_H_AO_H/0024_H_AO_H_3D_RIGID_VTU.zip,5388766524
svresults/0025_H_AO_MFS/0025_H_AO_MFS_3D_RIGID_VTP.zip,934863344
svresults/0025_H_AO_MFS/0025_H_AO_MFS_3D_RIGID_VTU.zip,8042275761
svresults/0026_H_AO_MFS/0026_H_AO_MFS_3D_RIGID_VTP.zip,1018692404
svresults/0026_H_AO_MFS/0026_H_AO_MFS_3D_RIGID_VTU.zip,8232617301
svresults/0028_H_ABAO_H/0028_H_ABAO_H_3D_RIGID_VTP.zip,288693303
svresults/0028_H_ABAO_H/0028_H_ABAO_H_3D_RIGID_VTU.zip,2050085461
svresults/0029_H_ABAO_H/0029_H_ABAO_H_3D_RIGID_VTP.zip,1793698102
svresults/0029_H_ABAO_H/0029_H_ABAO_H_3D_RIGID_VTU.zip,14291633297
svresults/0030_H_ABAO_H/0030_H_ABAO_H_3D_RIGID_VTP.zip,532950246
svresults/0030_H_ABAO_H/0030_H_ABAO_H_3D_RIGID_VTU.zip,12059755340
svresults/0031_H_ABAO_AAA/0031_H_ABAO_AAA_3D_RIGID_VTP.zip,1569741995
svresults/0031_H_ABAO_AAA/0031_H_ABAO_AAA_3D_RIGID_VTU.zip,11930704153
svresults/0032_H_ABAO_AAA/0032_H_ABAO_AAA_3D_RIGID_VTP.zip,1453048472
svresults/0032_H_ABAO_AAA/0032_H_ABAO_AAA_3D_RIGID_VTU.zip,10312881715
svresults/0033_H_ABAO_AAA/0033_H_ABAO_AAA_3D_RIGID_VTP.zip,2468477222
svresults/0033_H_ABAO_AAA/0033_H_ABAO_AAA_3D_RIGID_VTU.zip,15486771520
svresults/0034_H_ABAO_AAA/0034_H_ABAO_AAA_3D_RIGID_VTP.zip,1435807075
svresults/0034_H_ABAO_AAA/0034_H_ABAO_AAA_3D_RIGID_VTU.zip,10985018800
svresults/0035_H_ABAO_AAA/0035_H_ABAO_AAA_3D_RIGID_VTP.zip,1536035360
svresults/0035_H_ABAO_AAA/0035_H_ABAO_AAA_3D_RIGID_VTU.zip,11608742273
svresults/0036_H_ABAO_AAA/0036_H_ABAO_AAA_3D_RIGID_VTP.zip,1323912018
svresults/0036_H_ABAO_AAA/0036_H_ABAO_AAA_3D_RIGID_VTU.zip,11111577230
svresults/0037_H_ABAO_AAA/0037_H_ABAO_AAA_3D_RIGID_VTP.zip,1537028548
svresults/0037_H_ABAO_AAA/0037_H_ABAO_AAA_3D_RIGID_VTU.zip,11242059430
svresults/0038_H_ABAO_AAA/0038_H_ABAO_AAA_3D_RIGID_VTP.zip,1648675666
svresults/0038_H_ABAO_AAA/0038_H_ABAO_AAA_3D_RIGID_VTU.zip,11091969945
svresults/0039_H_ABAO_AAA/0039_H_ABAO_AAA_3D_RIGID_VTP.zip,1226563855
svresults/0039_H_ABAO_AAA/0039_H_ABAO_AAA_3D_RIGID_VTU.zip,7914058865
svresults/0040_H_ABAO_AAA/0040_H_ABAO_AAA_3D_RIGID_VTP.zip,1438552929
svresults/0040_H_ABAO_AAA/0040_H_ABAO_AAA_3D_RIGID_VTU.zip,10864875031
svresults/0041_H_ABAO_AAA/0041_H_ABAO_AAA_3D_RIGID_VTP.zip,2023318716
svresults/0041_H_ABAO_AAA/0041_H_ABAO_AAA_3D_RIGID_VTU.zip,13314707140
svresults/0042_H_ABAO_AAA/0042_H_ABAO_AAA_3D_RIGID_VTP.zip,1628003422
svresults/0042_H_ABAO_AAA/0042_H_ABAO_AAA_3D_RIGID_VTU.zip,10952069643
svresults/0043_H_ABAO_AAA/0043_H_ABAO_AAA_3D_RIGID_VTP.zip,1593587981
svresults/0043_H_ABAO_AAA/0043_H_ABAO_AAA_3D_RIGID_VTU.zip,10163196106
svresults/0044_H_ABAO_AAA/0044_H_ABAO_AAA_3D_RIGID_VTP.zip,1753056333
svresults/0044_H_ABAO_AAA/0044_H_ABAO_AAA_3D_RIGID_VTU.zip,11613241494
svresults/0045_H_ABAO_AAA/0045_H_ABAO_AAA_3D_RIGID_VTP.zip,1460146354
svresults/0045_H_ABAO_AAA/0045_H_ABAO_AAA_3D_RIGID_VTU.zip,9635235904
svresults/0047_H_ABAO_AIOD/0047_H_ABAO_AIOD_3D_RIGID_VTP.zip,2021342969
svresults/0047_H_ABAO_AIOD/0047_H_ABAO_AIOD_3D_RIGID_VTU.zip,12725959945
svresults/0048_H_ABAO_AIOD/0048_H_ABAO_AIOD_3D_RIGID_VTP.zip,695508937
svresults/0048_H_ABAO_AIOD/0048_H_ABAO_AIOD_3D_RIGID_VTU.zip,4515384512
svresults/0049_H_ABAO_AIOD/0049_H_ABAO_AIOD_3D_RIGID_VTP.zip,752469113
svresults/0049_H_ABAO_AIOD/0049_H_ABAO_AIOD_3D_RIGID_VTU.zip,4216980144
svresults/0050_H_CERE_H/0050_H_CERE_H_3D_RIGID_VTP.zip,234075952
svresults/0050_H_CERE_H/0050_H_CERE_H_3D_RIGID_VTU.zip,927625047
svresults/0051_H_CERE_H/0051_H_CERE_H_3D_RIGID_VTP.zip,352832891
svresults/0051_H_CERE_H/0051_H_CERE_H_3D_RIGID_VTU.zip,1957968501
svresults/0054_H_PULMFON_TAT/0054_H_PULMFON_TAT_3D_RIGID_VTP.zip,1897200971
svresults/0054_H_PULMFON_TAT/0054_H_PULMFON_TAT_3D_RIGID_VTU.zip,5788848035
svresults/0055_H_PULMFON_HLHS/0055_H_PULMFON_HLHS_3D_RIGID_VTP.zip,1979261177
svresults/0055_H_PULMFON_HLHS/0055_H_PULMFON_HLHS_3D_RIGID_VTU.zip,6212415466
svresults/0056_H_PULMFON_TAT/0056_H_PULMFON_TAT_3D_RIGID_VTP.zip,1854582441
svresults/0056_H_PULMFON_TAT/0056_H_PULMFON_TAT_3D_RIGID_VTU.zip,6692447662
svresults/0057_H_PULMFON_TAT/0057_H_PULMFON_TAT_3D_RIGID_VTP.zip,2282494008
svresults/0057_H_PULMFON_TAT/0057_H_PULMFON_TAT_3D_RIGID_VTU.zip,7632857507
svresults/0058_H_PULMFON_PAT/0058_H_PULMFON_PAT_3D_RIGID_VTP.zip,2304320854
svresults/0058_H_PULMFON_PAT/0058_H_PULMFON_PAT_3D_RIGID_VTU.zip,7552741123
svresults/0059_H_PULMFON_TAT/0059_H_PULMFON_TAT_3D_RIGID_VTP.zip,1872159365
svresults/0059_H_PULMFON_TAT/0059_H_PULMFON_TAT_3D_RIGID_VTU.zip,6472640931
svresults/0060_H_PULMGLN_SVD/0060_H_PULMGLN_SVD_3D_RIGID_VTP.zip,339901720
svresults/0060_H_PULMGLN_SVD/0060_H_PULMGLN_SVD_3D_RIGID_VTU.zip,2515341156
svresults/0061_H_PULMGLN_SVD/0061_H_PULMGLN_SVD_3D_RIGID_VTP.zip,352464330
svresults/0061_H_PULMGLN_SVD/0061_H_PULMGLN_SVD_3D_RIGID_VTU.zip,2767354864
svresults/0062_H_PULMGLN_SVD/0062_H_PULMGLN_SVD_3D_RIGID_VTP.zip,385198746
svresults/0062_H_PULMGLN_SVD/0062_H_PULMGLN_SVD_3D_RIGID_VTU.zip,2734765296
svresults/0063_H_PULMGLN_SVD/0063_H_PULMGLN_SVD_3D_RIGID_VTP.zip,344019802
svresults/0063_H_PULMGLN_SVD/0063_H_PULMGLN_SVD_3D_RIGID_VTU.zip,2502155386
svresults/0064_H_PULMFON_SVD/0064_H_PULMFON_SVD_3D_RIGID_VTP.zip,426088871
svresults/0064_H_PULMFON_SVD/0064_H_PULMFON_SVD_3D_RIGID_VTU.zip,2745665030
svresults/0065_H_PULMFON_SVD/0065_H_PULMFON_SVD_3D_RIGID_VTP.zip,466427143
svresults/0065_H_PULMFON_SVD/0065_H_PULMFON_SVD_3D_RIGID_VTU.zip,2751521516
svresults/0066_H_CORO_H/0066_H_CORO_H_3D_RIGID_VTP.zip,540121802
svresults/0066_H_CORO_H/0066_H_CORO_H_3D_RIGID_VTU.zip,4775031976
svresults/0068_H_CORO_KD/0068_H_CORO_KD_3D_FSI_HYPER_VTP.zip,601047098
svresults/0068_H_CORO_KD/0068_H_CORO_KD_3D_FSI_HYPER_VTU.zip,5937999715
svresults/0068_H_CORO_KD/0068_H_CORO_KD_3D_FSI_REST_VTP.zip,599000309
svresults/0068_H_CORO_KD/0068_H_CORO_KD_3D_FSI_REST_VTU.zip,5922253118
svresults/0069_H_CORO_KD/0069_H_CORO_KD_3D_FSI_HYPER_VTP.zip,55177879
svresults/0069_H_CORO_KD/0069_H_CORO_KD_3D_FSI_HYPER_VTU.zip,965795527
svresults/0069_H_CORO_KD/0069_H_CORO_KD_3D_FSI_REST_VTP.zip,169082399
svresults/0069_H_CORO_KD/0069_H_CORO_KD_3D_FSI_REST_VTU.zip,1423582597
svresults/0070_H_CORO_KD/0070_H_CORO_KD_3D_FSI_HYPER_VTP.zip,114132659
svresults/0070_H_CORO_KD/0070_H_CORO_KD_3D_FSI_HYPER_VTU.zip,1335111597
svresults/0070_H_CORO_KD/0070_H_CORO_KD_3D_FSI_REST_VTP.zip,323583997
svresults/0070_H_CORO_KD/0070_H_CORO_KD_3D_FSI_REST_VTU.zip,1936298882
svresults/0074_H_CORO_KD/0074_H_CORO_KD_3D_FSI_HYPER_VTP.zip,97731411
svresults/0074_H_CORO_KD/0074_H_CORO_KD_3D_FSI_HYPER_VTU.zip,2082000163
svresults/0074_H_CORO_KD/0074_H_CORO_KD_3D_FSI_REST_VTP.zip,298477974
svresults/0074_H_CORO_KD/0074_H_CORO_KD_3D_FSI_REST_VTU.zip,2970317468
svresults/0077_H_PULM_H/0077_H_PULM_H_3D_RIGID_VTP.zip,435468504
svresults/0077_H_PULM_H/0077_H_PULM_H_3D_RIGID_VTU.zip,2062415610
svresults/0078_H_PULM_H/0078_H_PULM_H_3D_RIGID_VTP.zip,1776834027
svresults/0078_H_PULM_H/0078_H_PULM_H_3D_RIGID_VTU.zip,7902048481
svresults/0079_H_PULM_H/0079_H_PULM_H_3D_RIGID_VTP.zip,2609200073
svresults/0079_H_PULM_H/0079_H_PULM_H_3D_RIGID_VTU.zip,6403257503
svresults/0080_H_PULM_H/0080_H_PULM_H_3D_RIGID_VTP.zip,2097423755
svresults/0080_H_PULM_H/0080_H_PULM_H_3D_RIGID_VTU.zip,8238523200
svresults/0081_H_PULM_PAH/0081_H_PULM_PAH_3D_RIGID_VTP.zip,696478624
svresults/0081_H_PULM_PAH/0081_H_PULM_PAH_3D_RIGID_VTU.zip,5080644684
svresults/0082_H_PULM_H/0082_H_PULM_H_3D_RIGID_VTP.zip,2508122158
svresults/0082_H_PULM_H/0082_H_PULM_H_3D_RIGID_VTU.zip,6621926778
svresults/0083_H_PULM_PAH/0083_H_PULM_PAH_3D_RIGID_VTP.zip,667205149
svresults/0083_H_PULM_PAH/0083_H_PULM_PAH_3D_RIGID_VTU.zip,5619945421
svresults/0084_H_PULM_H/0084_H_PULM_H_3D_RIGID_VTP.zip,2225935834
svresults/0084_H_PULM_H/0084_H_PULM_H_3D_RIGID_VTU.zip,6005741506
svresults/0085_H_PULM_PAH/0085_H_PULM_PAH_3D_RIGID_VTP.zip,553779082
svresults/0085_H_PULM_PAH/0085_H_PULM_PAH_3D_RIGID_VTU.zip,5694821868
svresults/0086_H_PULM_PAH/0086_H_PULM_PAH_3D_RIGID_VTP.zip,582714622
svresults/0086_H_PULM_PAH/0086_H_PULM_PAH_3D_RIGID_VTU.zip,5236223939
svresults/0087_H_PULM_PAH/0087_H_PULM_PAH_3D_RIGID_VTP.zip,606202376
svresults/0087_H_PULM_PAH/0087_H_PULM_PAH_3D_RIGID_VTU.zip,7700863757
svresults/0089_H_PULM_ALGS/0089_H_PULM_ALGS_3D_RIGID_VTP.zip,522028038
svresults/0089_H_PULM_ALGS/0089_H_PULM_ALGS_3D_RIGID_VTU.zip,3096491301
svresults/0091_H_PULM_TOF/0091_H_PULM_TOF_3D_RIGID_VTP.zip,716374366
svresults/0091_H_PULM_TOF/0091_H_PULM_TOF_3D_RIGID_VTU.zip,3285683622
svresults/0093_A_AO_H/0093_A_AO_H_3D_RIGID_VTP.zip,119392807
svresults/0093_A_AO_H/0093_A_AO_H_3D_RIGID_VTU.zip,1063826341
svresults/0094_A_AO_H/0094_A_AO_H_3D_RIGID_VTP.zip,184171018
svresults/0094_A_AO_H/0094_A_AO_H_3D_RIGID_VTU.zip,1766258526
svresults/0096_A_AO_COA/0096_A_AO_COA_3D_RIGID_VTP.zip,332302944
svresults/0096_A_AO_COA/0096_A_AO_COA_3D_RIGID_VTU.zip,4400623036
svresults/0097_A_AO_COA/0097_A_AO_COA_3D_RIGID_VTP.zip,314488752
svresults/0097_A_AO_COA/0097_A_AO_COA_3D_RIGID_VTU.zip,3282462651
svresults/0098_A_AO_COA/0098_A_AO_COA_3D_RIGID_VTP.zip,282379134
svresults/0098_A_AO_COA/0098_A_AO_COA_3D_RIGID_VTU.zip,3705231844
svresults/0099_A_AO_COA/0099_A_AO_COA_3D_RIGID_VTP.zip,181239488
svresults/0099_A_AO_COA/0099_A_AO_COA_3D_RIGID_VTU.zip,1662882386
svresults/0100_A_AO_COA/0100_A_AO_COA_3D_RIGID_VTP.zip,230305298
svresults/0100_A_AO_COA/0100_A_AO_COA_3D_RIGID_VTU.zip,2233843539
svresults/0101_A_AO_COA/0101_A_AO_COA_3D_RIGID_VTP.zip,263311919
svresults/0101_A_AO_COA/0101_A_AO_COA_3D_RIGID_VTU.zip,2290167209
svresults/0114_H_PULM_ALGS/0114_H_PULM_ALGS_3D_FSI_VTP.zip,182726768
svresults/0114_H_PULM_ALGS/0114_H_PULM_ALGS_3D_FSI_VTU.zip,612787919
svresults/0115_H_PULM_ALGS/0115_H_PULM_ALGS_3D_FSI_VTP.zip,178127112
svresults/0115_H_PULM_ALGS/0115_H_PULM_ALGS_3D_FSI_VTU.zip,577149051
svresults/0117_H_PULM_ALGS/0117_H_PULM_ALGS_3D_FSI_VTP.zip,185792398
svresults/0117_H_PULM_ALGS/0117_H_PULM_ALGS_3D_FSI_VTU.zip,628062371
svresults/0118_H_PULM_WS/0118_H_PULM_WS_3D_FSI_VTP.zip,170266425
svresults/0118_H_PULM_WS/0118_H_PULM_WS_3D_FSI_VTU.zip,562773857
svresults/0119_H_PULM_WS/0119_H_PULM_WS_3D_FSI_VTP.zip,184315501
svresults/0119_H_PULM_WS/0119_H_PULM_WS_3D_FSI_VTU.zip,624488681
svresults/0120_H_PULM_ALGS/0120_H_PULM_ALGS_3D_FSI_VTP.zip,368718760
svresults/0120_H_PULM_ALGS/0120_H_PULM_ALGS_3D_FSI_VTU.zip,1239754768
svresults/0121_H_PULM_ALGS/0121_H_PULM_ALGS_3D_FSI_VTP.zip,359283750
svresults/0121_H_PULM_ALGS/0121_H_PULM_ALGS_3D_FSI_VTU.zip,1172843875
svresults/0122_H_PULM_ALGS/0122_H_PULM_ALGS_3D_FSI_VTP.zip,360317609
svresults/0122_H_PULM_ALGS/0122_H_PULM_ALGS_3D_FSI_VTU.zip,1211093846
svresults/0123_H_PULM_ALGS/0123_H_PULM_ALGS_3D_FSI_VTP.zip,382901533
svresults/0123_H_PULM_ALGS/0123_H_PULM_ALGS_3D_FSI_VTU.zip,1278995432
svresults/0124_H_PULM_WS/0124_H_PULM_WS_3D_FSI_VTP.zip,347195469
svresults/0124_H_PULM_WS/0124_H_PULM_WS_3D_FSI_VTU.zip,1110064744
svresults/0125_H_PULM_WS/0125_H_PULM_WS_3D_FSI_VTP.zip,368725050
svresults/0125_H_PULM_WS/WS2_SU0269_stent_vtu.zip,1241317478
svresults/0126_H_PULM_PAH/0126_H_PULM_PAH_3D_FSI_VTP.zip,5452109
svresults/0126_H_PULM_PAH/0126_H_PULM_PAH_3D_FSI_VTU.zip,39548554
svresults/0127_H_PULM_PAH/0127_H_PULM_PAH_3D_FSI_VTP.zip,5452109
svresults/0127_H_PULM_PAH/0127_H_PULM_PAH_3D_FSI_VTU.zip,39548554
svresults/0128_H_PULM_PAH/0128_H_PULM_PAH_3D_FSI_VTP.zip,5378560
svresults/0128_H_PULM_PAH/0128_H_PULM_PAH_3D_FSI_VTU.zip,53062018
svresults/0129_H_PULM_PAH/0129_H_PULM_PAH_3D_FSI_VTP.zip,4341697
svresults/0129_H_PULM_PAH/0129_H_PULM_PAH_3D_FSI_VTU.zip,31975955
svresults/0130_H_PULM_PAH/0130_H_PULM_PAH_3D_FSI_VTP.zip,6448198
svresults/0130_H_PULM_PAH/0130_H_PULM_PAH_3D_FSI_VTU.zip,54216289
svresults/0131_H_PULM_PAH/0131_H_PULM_PAH_3D_FSI_VTP.zip,8128697
svresults/0131_H_PULM_PAH/0131_H_PULM_PAH_3D_FSI_VTU.zip,73377262
svresults/0132_H_PULM_PAH/0132_H_PULM_PAH_3D_FSI_VTP.zip,15491110
svresults/0132_H_PULM_PAH/0132_H_PULM_PAH_3D_FSI_VTU.zip,95726994
svresults/0133_H_PULM_PAH/0133_H_PULM_PAH_3D_FSI_VTP.zip,6733232
svresults/0133_H_PULM_PAH/0133_H_PULM_PAH_3D_FSI_VTU.zip,49771181
svresults/0134_H_PULM_PAH/0134_H_PULM_PAH_3D_FSI_VTP.zip,6032867
svresults/0134_H_PULM_PAH/0134_H_PULM_PAH_3D_FSI_VTU.zip,53782092
svresults/0135_H_PULM_PAH/0135_H_PULM_PAH_3D_FSI_VTP.zip,9028928
svresults/0135_H_PULM_PAH/0135_H_PULM_PAH_3D_FSI_VTU.zip,184265994
svresults/0136_H_CORO_KD/0136_H_CORO_KD_3D_FSI_VTP.zip,137016591
svresults/0136_H_CORO_KD/0136_H_CORO_KD_3D_FSI_VTU.zip,430473649
svresults/0136_H_CORO_KD/0136_H_CORO_KD_3D_RIGID_VTP.zip,63996741
svresults/0136_H_CORO_KD/0136_H_CORO_KD_3D_RIGID_VTU.zip,359288265
svresults/0139_H_CORO_KD/0139_H_CORO_KD_3D_FSI_VTP.zip,233673644
svresults/0139_H_CORO_KD/0139_H_CORO_KD_3D_FSI_VTU.zip,903622452
svresults/0139_H_CORO_KD/0139_H_CORO_KD_3D_RIGID_VTP.zip,106521117
svresults/0139_H_CORO_KD/0139_H_CORO_KD_3D_RIGID_VTU.zip,778149501
svresults/0140_H_CORO_KD/0140_H_CORO_KD_3D_FSI_VTP.zip,57654805
svresults/0140_H_CORO_KD/0140_H_CORO_KD_3D_FSI_VTU.zip,179105754
svresults/0140_H_CORO_KD/0140_H_CORO_KD_3D_RIGID_VTP.zip,27156229
svresults/0140_H_CORO_KD/0140_H_CORO_KD_3D_RIGID_VTU.zip,149582491
svresults/0141_H_CORO_KD/0141_H_CORO_KD_3D_FSI_VTP.zip,113784514
svresults/0141_H_CORO_KD/0141_H_CORO_KD_3D_FSI_VTU.zip,380145480
svresults/0141_H_CORO_KD/0141_H_CORO_KD_3D_RIGID_VTP.zip,53642510
svresults/0141_H_CORO_KD/0141_H_CORO_KD_3D_RIGID_VTU.zip,320848051
svresults/0142_H_CORO_KD/0142_H_CORO_KD_3D_FSI_VTP.zip,261684859
svresults/0142_H_CORO_KD/0142_H_CORO_KD_3D_FSI_VTU.zip,1061048368
svresults/0143_H_CORO_KD/0143_H_CORO_KD_3D_FSI_VTP.zip,108597340
svresults/0143_H_CORO_KD/0143_H_CORO_KD_3D_FSI_VTU.zip,366826393
svresults/0143_H_CORO_KD/0143_H_CORO_KD_3D_RIGID_VTP.zip,50929788
svresults/0143_H_CORO_KD/0143_H_CORO_KD_3D_RIGID_VTU.zip,310389780
svresults/0144_H_CORO_KD/0144_H_CORO_KD_3D_FSI_VTP.zip,178227694
svresults/0144_H_CORO_KD/0144_H_CORO_KD_3D_FSI_VTU.zip,621133842
svresults/0144_H_CORO_KD/0144_H_CORO_KD_3D_RIGID_VTP.zip,82406371
svresults/0144_H_CORO_KD/0144_H_CORO_KD_3D_RIGID_VTU.zip,527935234
svresults/0145_H_CORO_KD/0145_H_CORO_KD_3D_FSI_VTP.zip,121516489
svresults/0145_H_CORO_KD/0145_H_CORO_KD_3D_FSI_VTU.zip,390709513
svresults/0145_H_CORO_KD/0145_H_CORO_KD_3D_RIGID_VTP.zip,56747154
svresults/0145_H_CORO_KD/0145_H_CORO_KD_3D_RIGID_VTU.zip,327307733
svresults/0146_H_CORO_SVGD/0146_H_CORO_SVGD_3D_FSI_VTP.zip,16133475
svresults/0148_H_CORO_SVGD/0148_H_CORO_SVGD_3D_FSI_VTP.zip,16834816
svresults/0149_H_CORO_SVGD/0149_H_CORO_SVGD_3D_FSI_VTP.zip,20924327
svresults/0150_H_CORO_SVGD/0150_H_CORO_SVGD_3D_FSI_VTP.zip,18586289
svresults/0151_H_CORO_SVGD/0151_H_CORO_SVGD_3D_FSI_VTP.zip,13234122
svresults/0152_H_CORO_SVGD/0152_H_CORO_SVGD_3D_FSI_VTP.zip,10960183
svresults/0153_H_CORO_SVGD/0153_H_CORO_SVGD_3D_FSI_VTP.zip,24995176
svresults/0154_H_CORO_SVGD/0154_H_CORO_SVGD_3D_FSI_VTP.zip,12299770
svresults/0155_H_CORO_SVGD/0155_H_CORO_SVGD_3D_FSI_VTP.zip,8131727
svresults/0156_H_CORO_SVGD/0156_H_CORO_SVGD_3D_FSI_VTP.zip,25278032
svresults/0157_H_CORO_SVGD/0157_H_CORO_SVGD_3D_FSI_VTP.zip,25962210
svresults/0158_H_CORO_SVGD/0158_H_CORO_SVGD_3D_FSI_VTP.zip,9978738
svresults/0159_H_CORO_SVGD/0159_H_CORO_SVGD_3D_FSI_VTP.zip,11036734
svresults/0160_H_AO_AOD/0160_H_AO_AOD_3D_FSI_VTU.zip,14390917847
svresults/0169_H_CORO_KD/0169_H_CORO_KD_3D_FSI_HYPER_VTP.zip,87347035
svresults/0169_H_CORO_KD/0169_H_CORO_KD_3D_FSI_HYPER_VTU.zip,972691547
svresults/0169_H_CORO_KD/0169_H_CORO_KD_3D_FSI_REST_VTP.zip,267345128
svresults/0169_H_CORO_KD/0169_H_CORO_KD_3D_FSI_REST_VTU.zip,1863762141
svresults/0170_H_CORO_KD/0170_H_CORO_KD_3D_FSI_HYPER_VTP.zip,356905570
svresults/0170_H_CORO_KD/0170_H_CORO_KD_3D_FSI_HYPER_VTU.zip,2994056323
svresults/0170_H_CORO_KD/0170_H_CORO_KD_3D_FSI_REST_VTP.zip,353654016
svresults/0170_H_CORO_KD/0170_H_CORO_KD_3D_FSI_REST_VTU.zip,2979844779
svresults/0171_H_CORO_KD/0171_H_CORO_KD_3D_FSI_HYPER_VTP.zip,32369120
svresults/0171_H_CORO_KD/0171_H_CORO_KD_3D_FSI_HYPER_VTU.zip,310512241
svresults/0171_H_CORO_KD/0171_H_CORO_KD_3D_FSI_REST_VTP.zip,97570606
svresults/0171_H_CORO_KD/0171_H_CORO_KD_3D_FSI_REST_VTU.zip,493356390
svresults/0172_H_CORO_KD/0172_H_CORO_KD_3D_FSI_HYPER_VTP.zip,64964761
svresults/0172_H_CORO_KD/0172_H_CORO_KD_3D_FSI_HYPER_VTU.zip,856736272
svresults/0173_H_CORO_KD/0173_H_CORO_KD_3D_FSI_HYPER_VTP.zip,74834240
svresults/0173_H_CORO_KD/0173_H_CORO_KD_3D_FSI_HYPER_VTU.zip,1160549011
svresults/0173_H_CORO_KD/0173_H_CORO_KD_3D_FSI_REST_VTP.zip,229254979
svresults/0173_H_CORO_KD/0173_H_CORO_KD_3D_FSI_REST_VTU.zip,1707964027
svresults/0174_H_CORO_KD/0174_H_CORO_KD_3D_FSI_HYPER_VTP.zip,108998990
svresults/0174_H_CORO_KD/0174_H_CORO_KD_3D_FSI_HYPER_VTU.zip,2167495255
svresults/0174_H_CORO_KD/0174_H_CORO_KD_3D_FSI_REST_VTP.zip,335416367
svresults/0174_H_CORO_KD/0174_H_CORO_KD_3D_FSI_REST_VTU.zip,3140653532
svresults/0175_H_CORO_KD/0175_H_CORO_KD_3D_FSI_HYPER_VTP.zip,115986910
svresults/0175_H_CORO_KD/0175_H_CORO_KD_3D_FSI_HYPER_VTU.zip,1545717533
svresults/0175_H_CORO_KD/0175_H_CORO_KD_3D_FSI_REST_VTP.zip,355728335
svresults/0175_H_CORO_KD/0175_H_CORO_KD_3D_FSI_REST_VTU.zip,2337240444
svresults/0176_H_CORO_KD/0176_H_CORO_KD_3D_FSI_HYPER_VTP.zip,379299867
svresults/0176_H_CORO_KD/0176_H_CORO_KD_3D_FSI_HYPER_VTU.zip,2651847223
svresults/0176_H_CORO_KD/0176_H_CORO_KD_3D_FSI_REST_VTP.zip,378223582
svresults/0176_H_CORO_KD/0176_H_CORO_KD_3D_FSI_REST_VTU.zip,2645253147
svresults/0177_H_CORO_KD/0177_H_CORO_KD_3D_FSI_HYPER_VTP.zip,161290780
svresults/0177_H_CORO_KD/0177_H_CORO_KD_3D_FSI_HYPER_VTU.zip,2197431063
svresults/0177_H_CORO_KD/0177_H_CORO_KD_3D_FSI_REST_VTP.zip,495374435
svresults/0177_H_CORO_KD/0177_H_CORO_KD_3D_FSI_REST_VTU.zip,3308986325
svresults/0178_H_CORO_KD/0178_H_CORO_KD_3D_FSI_HYPER_VTP.zip,87155885
svresults/0178_H_CORO_KD/0178_H_CORO_KD_3D_FSI_HYPER_VTU.zip,1284501623
svresults/0178_H_CORO_KD/0178_H_CORO_KD_3D_FSI_REST_VTP.zip,266838440
svresults/0178_H_CORO_KD/0178_H_CORO_KD_3D_FSI_REST_VTU.zip,1903373697
svresults/0199_H_CERE_CA/0199_H_CERE_CA_3D_RIGID_VTP.zip,87105324
svresults/0200_H_CERE_CA/0200_H_CERE_CA_3D_RIGID_VTP.zip,84429937
svresults/0201_H_CERE_CA/0201_H_CERE_CA_3D_RIGID_VTP.zip,66518911
svresults/0202_H_CERE_CA/0202_H_CERE_CA_3D_RIGID_VTP.zip,61634876
svresults/0203_H_CERE_CA/0203_H_CERE_CA_3D_RIGID_VTP.zip,55406600
svresults/0204_H_CERE_CA/0204_H_CERE_CA_3D_RIGID_VTP.zip,332876814
svresults/0205_H_CERE_CA/0205_H_CERE_CA_3D_RIGID_VTP.zip,48115338
svresults/0206_H_CERE_CA/0206_H_CERE_CA_3D_RIGID_VTP.zip,46383035
svresults/0207_H_CERE_CA/0207_H_CERE_CA_3D_RIGID_VTP.zip,72757546
svresults/0208_H_CERE_CA/0208_H_CERE_CA_3D_RIGID_VTP.zip,183414466
svresults/0209_H_CERE_CA/0209_H_CERE_CA_3D_RIGID_VTP.zip,194239138
svresults/0210_H_CERE_CA/0210_H_CERE_CA_3D_RIGID_VTP.zip,49839911
svresults/0211_H_CERE_CA/0211_H_CERE_CA_3D_RIGID_VTP.zip,55644065
svresults/0212_H_CERE_CA/0212_H_CERE_CA_3D_RIGID_VTP.zip,81485231
svresults/0213_H_CERE_CA/0213_H_CERE_CA_3D_RIGID_VTP.zip,63287949
svresults/0214_H_CERE_CA/0214_H_CERE_CA_3D_RIGID_VTP.zip,65368930
svresults/0215_H_CERE_CA/0215_H_CERE_CA_3D_RIGID_VTP.zip,119814097
svresults/0216_H_CERE_CA/0216_H_CERE_CA_3D_RIGID_VTP.zip,61420429
svresults/0217_H_CERE_CA/0217_H_CERE_CA_3D_RIGID_VTP.zip,68337511
svresults/0218_H_CERE_CA/0218_H_CERE_CA_3D_RIGID_VTP.zip,78323196
svresults/0219_H_CERE_CA/0219_H_CERE_CA_3D_RIGID_VTP.zip,60177011
svresults/0220_H_CERE_CA/0220_H_CERE_CA_3D_RIGID_VTP.zip,62213679
svresults/0221_H_AO_AOD/0221_H_AO_AOD_3D_FSI_VTU.zip,4188712661
svresults/0222_H_AO_AOD/0222_H_AO_AOD_3D_FSI_VTU.zip,4195348974
svresults/0223_H_AO_AOD/0223_H_AO_AOD_3D_FSI_VTU.zip,4199053519
svresults/0224_H_AO_AOD/0224_H_AO_AOD_3D_FSI_VTU.zip,3842146041
svresults/0225_H_AO_COA/0225_H_AO_COA_3D_FSI_BASELINE_VITRO4DF_VTU.zip,4614531300
svresults/0225_H_AO_COA/0225_H_AO_COA_3D_FSI_LOOP_EXER_0p75_VTP.zip,11282040
svresults/0225_H_AO_COA/0225_H_AO_COA_3D_FSI_BASELINE_VITRO4DF_VTP.zip,8533026
svresults/0225_H_AO_COA/0225_H_AO_COA_3D_FSI_SEVERE_VITRO4DF_VTP.zip,8682794
svresults/0225_H_AO_COA/0225_H_AO_COA_3D_FSI_SEVERE_LOWFLOW_VITRO4DF_VTP.zip,8630100
svresults/0225_H_AO_COA/0225_H_AO_COA_3D_FSI_SEVERE_VITRO4DF_VTU.zip,3856749054
svresults/0225_H_AO_COA/0225_H_AO_COA_3D_FSI_LOOP_EXER_1p25_VTP.zip,7056456
svresults/0225_H_AO_COA/0225_H_AO_COA_3D_FSI_LOOP_REST_VTP.zip,8633454
svresults/0225_H_AO_COA/0225_H_AO_COA_3D_FSI_REST_VTP.zip,8848816
svresults/0225_H_AO_COA/0225_H_AO_COA_3D_FSI_REST_VTU.zip,2324398724
svresults/0225_H_AO_COA/0225_H_AO_COA_3D_FSI_BASELINE_LOWFLOW_VITRO4DF_VTU.zip,4610372668
svresults/0225_H_AO_COA/0225_H_AO_COA_3D_FSI_SEVERE_LOWFLOW_VITRO4DF_VTU.zip,3847078091
svresults/0225_H_AO_COA/0225_H_AO_COA_3D_FSI_BASELINE_LOWFLOW_VITRO4DF_VTP.zip,8535736
svresults/0226_H_AO_COA/0226_H_AO_COA_3D_FSI_REST_VTP.zip,7896667
svresults/0226_H_AO_COA/0226_H_AO_COA_3D_FSI_REST_VTU.zip,6628802781
svresults/0226_H_AO_COA/0226_H_AO_COA_3D_FSI_LOOP_EXER_1p25_VTP.zip,6640750
svresults/0226_H_AO_COA/0226_H_AO_COA_3D_FSI_LOOP_EXER_1p5_VTP.zip,5521745
svresults/0226_H_AO_COA/0226_H_AO_COA_3D_FSI_LOOP_EXER_2p0_VTP.zip,4390711
svresults/0226_H_AO_COA/0226_H_AO_COA_3D_FSI_LOOP_REST_VTP.zip,8049876
svresults/0227_H_AO_COA/0227_H_AO_COA_3D_FSI_REST_VTP.zip,7162409
svresults/0227_H_AO_COA/0227_H_AO_COA_3D_FSI_REST_VTU.zip,2659874722
svresults/0228_H_AO_COA/0228_H_AO_COA_3D_FSI_REST_VTP.zip,6136361
svresults/0228_H_AO_COA/0228_H_AO_COA_3D_FSI_REST_VTU.zip,5002904166
svresults/0229_H_AO_COA/0229_H_AO_COA_3D_FSI_REST_VTP.zip,5045068
svresults/0229_H_AO_COA/0229_H_AO_COA_3D_FSI_REST_VTU.zip,2964593029
svresults/0230_H_AO_COA/0230_H_AO_COA_3D_FSI_REST_VTP.zip,9623885
svresults/0230_H_AO_COA/0230_H_AO_COA_3D_FSI_REST_VTU.zip,5146430465
svresults/0231_H_AO_COA/0231_H_AO_COA_3D_FSI_REST_VTP.zip,8704741
svresults/0231_H_AO_COA/0231_H_AO_COA_3D_FSI_REST_VTU.zip,5064103084
svresults/0232_H_AO_COA/0232_H_AO_COA_3D_FSI_BASELINE_VITRO4DF_VTP.zip,10852976
svresults/0232_H_AO_COA/0232_H_AO_COA_3D_FSI_BASELINE_VITRO4DF_VTU.zip,5448936846
svresults/0232_H_AO_COA/0232_H_AO_COA_3D_FSI_SEVERE_VITRO4DF_VTP.zip,10843376
svresults/0232_H_AO_COA/0232_H_AO_COA_3D_FSI_SEVERE_VITRO4DF_VTU.zip,4735957894
svresults/0232_H_AO_COA/0232_H_AO_COA_3D_FSI_LOOP_EXER_1p25_VTP.zip,7093041
svresults/0232_H_AO_COA/0232_H_AO_COA_3D_FSI_LOOP_EXER_1p5_VTP.zip,5953459
svresults/0232_H_AO_COA/0232_H_AO_COA_3D_FSI_LOOP_REST_VTP.zip,8690923
svresults/0232_H_AO_COA/0232_H_AO_COA_3D_FSI_REST_VTP.zip,10880174
svresults/0232_H_AO_COA/0232_H_AO_COA_3D_FSI_BASELINE_LOWFLOW_VITRO4DF_VTP.zip,10797128
svresults/0232_H_AO_COA/0232_H_AO_COA_3D_FSI_BASELINE_LOWFLOW_VITRO4DF_VTU.zip,6465529401
svresults/0232_H_AO_COA/0232_H_AO_COA_3D_FSI_SEVERE_LOWFLOW_VITRO4DF_VTP.zip,10908515
svresults/0232_H_AO_COA/0232_H_AO_COA_3D_FSI_SEVERE_LOWFLOW_VITRO4DF_VTU.zip,4893324826
svresults/0232_H_AO_COA/0232_H_AO_COA_3D_FSI_REST_VTU.zip,6477212128
svresults/0233_H_AO_COA/0233_H_AO_COA_3D_FSI_REST_VTP.zip,9106205
svresults/0233_H_AO_COA/0233_H_AO_COA_3D_FSI_REST_VTU.zip,4304365095
svresults/0234_H_AO_COA/0234_H_AO_COA_3D_FSI_REST_VTP.zip,6142791
svresults/0234_H_AO_COA/0234_H_AO_COA_3D_FSI_REST_VTU.zip,2520489207
svresults/0234_H_AO_COA/0234_H_AO_COA_3D_FSI_LOOP_EXER_1p25_VTP.zip,5450840
svresults/0234_H_AO_COA/0234_H_AO_COA_3D_FSI_LOOP_EXER_1p5_VTP.zip,4603230
svresults/0234_H_AO_COA/0234_H_AO_COA_3D_FSI_LOOP_EXER_2p0_VTP.zip,3640469
svresults/0234_H_AO_COA/0234_H_AO_COA_3D_FSI_LOOP_REST_VTP.zip,6744447
svresults/0235_H_AO_COA/0235_H_AO_COA_3D_FSI_REST_VTP.zip,8811930
svresults/0235_H_AO_COA/0235_H_AO_COA_3D_FSI_REST_VTU.zip,2834952054
svresults/0236_H_AO_COA/0236_H_AO_COA_3D_FSI_REST_VTP.zip,7235812
svresults/0236_H_AO_COA/0236_H_AO_COA_3D_FSI_REST_VTU.zip,3521232324
svresults/0237_H_AO_COA/0237_H_AO_COA_3D_FSI_REST_VTP.zip,5467736
svresults/0237_H_AO_COA/0237_H_AO_COA_3D_FSI_REST_VTU.zip,4629866649
svresults/0238_H_AO_COA/0238_H_AO_COA_3D_FSI_REST_VTP.zip,5265222
svresults/0238_H_AO_COA/0238_H_AO_COA_3D_FSI_REST_VTU.zip,3800082151
svresults/0239_H_AO_COA/0239_H_AO_COA_3D_FSI_REST_VTP.zip,9863922
svresults/0239_H_AO_COA/0239_H_AO_COA_3D_FSI_REST_VTU.zip,4188083583
svresults/0240_H_AO_COA/0240_H_AO_COA_3D_FSI_REST_VTP.zip,6629110
svresults/0240_H_AO_COA/0240_H_AO_COA_3D_FSI_REST_VTU.zip,3727022945
svresults/0241_H_AO_COA/0241_H_AO_COA_3D_FSI_LOOP_EXER_1p25_VTP.zip,7520151
svresults/0241_H_AO_COA/0241_H_AO_COA_3D_FSI_LOOP_EXER_1p5_VTP.zip,6668591
svresults/0241_H_AO_COA/0241_H_AO_COA_3D_FSI_LOOP_EXER_2p0_VTP.zip,5156361
svresults/0241_H_AO_COA/0241_H_AO_COA_3D_FSI_LOOP_REST_VTP.zip,9231521
svresults/0241_H_AO_COA/0241_H_AO_COA_3D_FSI_REST_VTP.zip,9285431
svresults/0241_H_AO_COA/0241_H_AO_COA_3D_FSI_REST_VTU.zip,4089346798
svresults/0242_A_AO_AOD/0242_A_AO_AOD_3D_RIGID_REST_VTU.zip,941186512
svresults/0243_A_AO_AOD/0243_A_AO_AOD_3D_RIGID_REST_VTU.zip,1062802836
svresults/0244_A_AO_AOD/0244_A_AO_AOD_3D_RIGID_REST_VTU.zip,1503325231
svresults/0245_A_AO_AOD/0245_A_AO_AOD_3D_RIGID_REST_VTU.zip,997255519
svresults/0246_H_AO_AOD/0246_H_AO_AOD_3D_FSI_REST_VTU.zip,17920628623
svresults/0247_H_ABAO_SR/0247_H_ABAO_SR_3D_RIGID_REST_VTU.zip,879518954
svresults/0248_H_AOCERE_CAS/0248_H_AOCERE_CAS_3D_RIGID_REST_VTU_all.zip,56274024390
svresults/0248_H_AOCERE_CAS/0248_H_AOCERE_CAS_3D_RIGID_REST_VTU_reference.zip,1903525269
svresults/old/0225_H_AO_COA/0225_H_AO_COA_3D_FSI_LOOP_EXER_0p75_VTP.zip,11282040
svresults/old/0225_H_AO_COA/0225_H_AO_COA_3D_FSI_LOOP_EXER_1p25_VTP.zip,7056456
svresults/old/0225_H_AO_COA/0225_H_AO_COA_3D_FSI_LOOP_REST_VTP.zip,8633454
svresults/old/0225_H_AO_COA/0225_H_AO_COA_3D_FSI_REST_VTP.zip,8848816
svresults/old/0225_H_AO_COA/0225_H_AO_COA_3D_FSI_REST_VTU.zip,2324398724
svresults/old/0232_H_AO_COA/0232_H_AO_COA_3D_FSI_REST_VTP.zip,10880174
svresults/old/0232_H_AO_COA/0232_H_AO_COA_3D_FSI_REST_VTU.zip,6477212128
svresults/old/0232_H_AO_COA/0232_H_AO_COA_3D_FSI_LOOP_EXER_1p25_VTP.zip,7093041
svresults/old/0232_H_AO_COA/0232_H_AO_COA_3D_FSI_LOOP_EXER_1p5_VTP.zip,5953459
svresults/old/0232_H_AO_COA/0232_H_AO_COA_3D_FSI_LOOP_REST_VTP.zip,8690923
